ID,Date Added,Category,Priority,Status,Page / Area,File Name,File Path,Issue / Opportunity,Recommended Action,Reason / Expected Benefit,Estimated Difficulty,Estimated Time,Dependencies,Assigned To,Date Completed,Notes
1,2026-04-27,Technical SEO,Critical,Complete,Free Installation Estimate,estimate.html,/estimate.html,Page contains two <h1> tags (lines 366 and 382). Search engines treat this as a structure error and split keyword authority.,Demote the second <h1> to <h2>. Keep the primary H1 as 'Get Your Free Installation Estimate' or strengthen with location.,Single-H1 pages signal one main topic to Google. Fixing avoids a structural penalty.,Easy,15 min,None,Developer,2026-04-27,"Demoted second <h1> at line 382 to <h2>. estimate.html now has exactly 1 H1 (the page-hero title) and 12 H2s. Browser-default styling on the .hero block carries over via global h2 rule (Barlow Condensed clamp 28-48px). Visual hierarchy now correct: page H1 dominates, tool sub-heading is H2. Modified files: estimate.html"
2,2026-04-27,Conversion,Critical,Blocked,Reviews,reviews.html,/reviews.html,Page is 100% placeholder copy. Six review cards say '[REPLACE THIS WITH A REAL REVIEW]'. AggregateRating + Review schema is commented out waiting for real data.,Collect 5–10 real Google / HomeStars reviews with permission. Replace placeholders. Uncomment AggregateRating + Review schema. Wire up to Google Business Profile if possible.,Social proof is the single biggest local-SEO + conversion lever. Rich-result review stars in SERP add 30–50% CTR. No real reviews = no review-snippet eligibility.,Medium,3–4 hr,Need real reviews from owner,Owner + Marketer,,"BLOCKED on owner input. Patrick must provide 5–10 real Google / HomeStars review texts (with reviewer permission to publish). Once received, Marketer formats and inserts into reviews.html, then Developer uncomments the AggregateRating + Review JSON-LD. Will move to Complete in Phase 1 retro once unblocked."
3,2026-04-27,Conversion,Critical,Complete,Contact form,"contact.html, index.html, estimate.html, blog.html, js/sprinkler-builder.js","/contact.html, /index.html, /estimate.html, /blog.html, /js/sprinkler-builder.js",Form submission across 6 forms used mailto: link (3 active mailto handlers + 2 fake-submit blog forms that captured nothing + the no-handler quote builder also fell through to mailto). Opens user email client; data is lost if user closes browser. No backend persistence; no success/failure feedback.,Replace mailto: with a proper form handler — Formspree / Basin / Netlify Forms / Resend.com. Add success and error states. Optionally store in a Google Sheet via webhook.,Email-based form is unreliable and unprofessional. Lead loss rate likely 40–60% on this form.,Medium,1–2 hr,Sign up for form-handler service,Developer,2026-04-27,"COMPLETE. All 6 active forms across the site now wired to Formspree endpoint mvzdjolv via fetch() AJAX: contact form (contact.html), Same-Day Quick-Book (index.html), Installation Estimator (estimate.html — both duplicate handlers replaced), Sprinkler Quote Builder (js/sprinkler-builder.js), and the 2 previously-fake-submit blog forms (newsletter signup + ask-the-pro). Each form posts a distinct _subject so the owner can sort leads by source in the Formspree dashboard. Each also includes a _gotcha honeypot for spam protection and a _source field for funnel attribution. All preserve their original UI patterns (estimate.html still calls goStep(5) on success; quote builder still calls showSuccess() on success; contact + quick-book have branded in-page success / error blocks; blog forms swap submit button into a confirmation chip). Old quote-legacy.html still has mailto handler but is robots-disallowed and orphaned per handoff. Modified files: contact.html, index.html, estimate.html, blog.html, js/sprinkler-builder.js, style.css (sd-bridge result styles)."
4,2026-04-27,Performance,High,Complete,Homepage,about-section-picture.svg,/about-section-picture.svg,8.1 MB SVG file embedded on homepage. SVGs that large usually contain raster image data — defeats the purpose of vector format.,Open in editor and either re-export as optimized SVG (under 200 KB) OR convert to JPG/WebP at 80% quality. Update any references.,Single 8 MB asset can dominate page-weight on slow connections. Reducing to <300 KB removes a Lighthouse performance flag.,Easy,30 min,Need design source (Illustrator / Figma) OR raster fallback,Developer,2026-04-27,"SVG was 100%% base64-wrapped JPEG (8005 KB total, 8004 KB raster). Extracted embedded image (3024x4032 source), downscaled to 1100x1466 (retina-friendly for the 527x702 display element), re-encoded as progressive JPEG quality 85. Final: 508 KB (94% reduction). Updated index.html line 1439 reference from .svg to .jpg + added loading=lazy. Old SVG deleted from worktree and project root. Modified files: index.html, about-section-picture.svg (deleted), about-section-picture.jpg (created)."
5,2026-04-27,Local SEO,High,Complete,Service-area expansion,(new) sprinkler-service-markham.html,/sprinkler-service-markham.html,Markham (~330k residents) is the largest unaddressed market adjacent to current service area. No dedicated page; only referenced in homepage areaServed schema.,"Create new service-area page following the established template (use sprinkler-service-aurora.html as scaffold). Localize for Markham — Angus Glen / Unionville / Cornell / Markham Village neighborhoods, soil characteristics, demographics.",Largest single SEO win available. Markham searches outvolume all current cities combined.,Medium,4 hr,None,Developer + Marketer,2026-04-27,"COMPLETE. Built sprinkler-service-markham.html cloning the Aurora scaffold then localizing for Markham (~330k residents — largest single SEO win available). Localizations: geo coords (43.8761;-79.3370), 16 named neighborhoods (Unionville / Angus Glen / Cornell / Cornell Rouge / Markham Village / Cathedraltown / Berczy Village / Box Grove / Greensborough / Wismer / Milliken Mills / Cachet / Buttonville / Markham Heritage Estates / German Mills / Thornlea), Markham-specific local-detail box (heritage Unionville + planned-community Cornell/Cathedraltown + York Region clay mix), realistic 4-6 hr response time (vs Auroras 2-4 hr) reflecting 30-min drive from Newmarket base, expanded estate price band (.5k-5k+ for Angus Glen / Cathedraltown). FAQPage schema with 4 Markham-specific Q&As (neighborhoods served, response time, cost, heritage / HOA properties). Cross-linked from Richmond Hill area page Other cities block. Added to sitemap.xml at priority 0.9 (matches other area pages). Added to footer Service-Areas list on all 6 area pages. Modified files: sprinkler-service-markham.html (new), sitemap.xml, sprinkler-service-richmond-hill.html, sprinkler-service-aurora.html, sprinkler-service-king-city.html, sprinkler-service-newmarket.html, sprinkler-service-vaughan.html."
6,2026-04-27,Content SEO,High,Complete,Spring Sprinkler Opening,(new) sprinkler-service-spring-opening.html,/sprinkler-service-spring-opening.html,Spring opening is a flagship $90 service buried inside sprinkler-systems.html. April–May search volume in Ontario is significant. No dedicated landing page.,"Create dedicated page with: pricing, what's included (re-pressurization, leak inspection, zone test, controller programming), booking deadline urgency (mid-April rush), Ontario-specific timing (last frost guidance).",Captures high-intent seasonal queries. Direct revenue: each spring opening = $90 + likely repair/upgrade upsells.,Medium,3 hr,None,Marketer + Developer,2026-04-27,"COMPLETE. Built sprinkler-spring-opening.html — dedicated landing page for the highest-volume seasonal query in the industry. Page structure: hero with breadcrumbs / eyebrow / dynamic price meta band; amber urgency strip emphasizing March booking window; cream pricing section with full interactive zone estimator (ported from sprinkler-systems.html with identical residential / commercial pricing tiers — 0 / 05 / 20 / 65 / custom for 1-4 / 5-6 / 7-8 / 9-15 / 16+ residential, 45 / 55 / custom for commercial); 6-step process grid (slow pressure-up / leak inspection / zone test / Hydrawise / walk-through / final report); timing-callout with Newmarket frost dates; freeze-damage diagnostic section with realistic repair price ranges; CTA strip; related services and area cross-links. Schema: Service @type with offer pricing + FAQPage with 6 questions covering when to book, what is included, cost, freeze damage, Hydrawise programming, DIY vs professional. Cross-linking: replaced 24 sites footer Spring Openings link from sprinkler-systems.html to the new dedicated page. Added to sitemap.xml at priority 0.9 with image. Added to sitemap.html Services section (now 3 pages). Modified files: sprinkler-spring-opening.html (new), sitemap.xml, sitemap.html, plus 24 pages with re-pointed footer link."
7,2026-04-27,Content SEO,High,Complete,Fall Winterization,(new) sprinkler-service-fall-winterization.html,/sprinkler-service-fall-winterization.html,October winterization is mentioned in blog and FAQ but has no dedicated landing page. Same opportunity as Spring Opening on the inverse seasonal cycle.,"Create dedicated page mirroring the Spring Opening structure — pricing, low-pressure compressor brand callout, freeze-damage cost statistics, October booking urgency.",Captures fall search demand. Reduces inbound phone-tag (people searching 'winterization near me' land on a converting page).,Medium,3 hr,None,Marketer + Developer,2026-04-27,"COMPLETE. Built sprinkler-fall-winterization.html — dedicated landing page for fall blow-out / winterization. Mirror structure of Spring Opening but inverse-seasonal: October booking urgency, freeze-damage cost messaging (00-,800 typical avoided-winterization repair bill in spring vs 0 for pro winterization), low-pressure compressor blow-out workflow (vs spring slow-pressurization). 6-step process: shut-off & drain / compressor hookup / zone-by-zone blow-out / visual inspection / Hydrawise winter mode / final report. Same zone-pricing estimator as sprinkler-systems.html and sprinkler-spring-opening.html — residential / commercial / 1-16+ zones with dynamic price across hero meta + readout + tier pill. Schema: Service @type with offer pricing valid Sep 15 - Nov 30 + FAQPage with 6 fall-specific Q&As (when to book, what is included, cost, what happens if you skip, can I DIY, Hydrawise winter mode). Cross-linking: re-pointed 25 sites footer Fall Closings link from sprinkler-systems.html to the new dedicated page. Added to sitemap.xml at priority 0.9 with image. Added to sitemap.html Services section (now 4 pages: sprinkler-systems / spring-opening / fall-winterization / landscape-lighting). Modified files: sprinkler-fall-winterization.html (new), sitemap.xml, sitemap.html, plus 25 pages with re-pointed footer link."
8,2026-04-27,Content SEO,High,Complete,Sprinkler Repair,(new) sprinkler-systems-repair.html,/sprinkler-systems-repair.html,Repair is a year-round high-intent search ('sprinkler repair near me'). Currently a sub-section of sprinkler-systems.html — gets none of the search authority a dedicated page would.,"Create dedicated page with common issues (stuck valves / broken heads / wet spots / no pressure / zone failure), diagnostic checklist, same-day guarantee callout, $95 mobilization explanation, AI-Smart-Intake first-hour-free hook.",Same-day repair queries are highest-converting in irrigation. Dedicated page captures the search and routes to booking.,Medium,3 hr,None,Marketer + Developer,2026-04-27,"COMPLETE. Built sprinkler-repair.html — dedicated landing page for the highest-converting evergreen query in irrigation (sprinkler repair near me). Different shape from the seasonal pages: no zone estimator (problem-based pricing, not zone-based). Page sections: hero with same-day messaging + pulsing amber dot; AI-Smart-Intake green strip with first-hour-free hook; 8-symptom diagnostic grid (no water / low pressure / wet spots / dry spots / controller fault / zone wont shut off / broken heads / freeze damage); 7-row pricing table (5 mobilization + per-issue ranges from earlier audit data); 6-step process; DIY-vs-Pro split callout (2 things you can DIY safely + 5 things you should not); 1-year guarantee callout; CTA strip + related services. Schema: Service @type with full OfferCatalog (mobilization + 6 common repairs) + FAQPage with 6 honest Q&As (response time, cost breakdown, AI intake explanation, what we fix, guarantee, DIY guidance). Cross-linking: re-pointed 26 sites footer Sprinkler Repair link from sprinkler-systems.html#repair to the new dedicated page. Added to sitemap.xml at priority 0.9 with image. Added to sitemap.html Services section (now 5 pages). Modified files: sprinkler-repair.html (new), sitemap.xml, sitemap.html, plus 26 pages with re-pointed footer link."
9,2026-04-27,Conversion,High,Not Started,Landscape Lighting,landscape-lighting.html,/landscape-lighting.html,Page sells a visual-first product but has zero installed-system photos. Only generic benefit icons (🏡 ✨). Buying decision needs visual proof.,Add 8–12 before/after photo gallery of installed lighting projects. Native HTML grid (no plugin). Each photo with location + brief description.,Visual proof is the #1 conversion driver for landscape lighting. Estimated +15–25% conversion lift.,Medium,4 hr,Need real project photos,Owner + Marketer,,Owner must provide photos. Hire photographer to shoot 5–10 evening installations if needed.
10,2026-04-27,Schema,High,Complete,Blog posts,All blog-*.html,/blog-*.html,"AUDIT CORRECTION: Original audit said only 1 of 9 blog posts had BlogPosting schema. On re-inspection, all 9 already had BlogPosting schemas with the 7 required fields (headline, image, datePublished, dateModified, author, publisher, mainEntityOfPage). What was actually missing across all 9 posts were 4 nice-to-have enrichment fields that improve E-E-A-T signal and topical clarity for Google.","Add complete BlogPosting JSON-LD to each blog post: @context, @type, headline, datePublished, dateModified, author (Patrick), publisher (PJL), image, articleSection.","Enables Google Search blog rich-results, author E-E-A-T signal, publication-date badges in SERP. Cumulative authority signal across the blog.",Easy,1.5 hr (all posts),None,Developer,2026-04-27,"COMPLETE. Enriched all 9 blog posts BlogPosting schemas with 4 nice-to-have fields: articleSection (post category), keywords (topical comma-list), wordCount (computed from visible body text — ranges from 1054 to 1713 words across the set, all healthy depth signals), inLanguage (en-CA). All 9 schemas re-validated as JSON-parseable after edit. articleSection values: Landscape Lighting / Sprinkler Installation (x2) / Sprinkler Maintenance / Lawn Care / Sprinkler Repair / Seasonal Service (x2) / Tree & Garden Irrigation. Word counts confirm articles are substantively long-form (avg 1380 words) which is healthy for blog rich-result eligibility. Modified files: blog-landscape-lighting-newmarket.html, blog-landscape-renovation-sprinkler-prep-gta.html, blog-lawn-irrigation-myths-busted-gta.html, blog-lawn-underwatering-signs-newmarket-gta.html, blog-signs-sprinkler-needs-repair-newmarket-gta.html, blog-spring-fertilization-sprinkler-timing-gta.html, blog-spring-sprinkler-opening.html, blog-sprinkler-installation-newmarket.html, blog-tree-irrigation-newmarket-gta.html."
11,2026-04-27,Technical SEO,High,Complete,Legal pages,"privacy-policy.html, terms-of-service.html, accessibility-statement.html","/privacy-policy.html, /terms-of-service.html, /accessibility-statement.html",All three legal pages lack OG / Twitter / JSON-LD metadata. Inconsistent with rest of site (89% coverage).,Add OG title / OG description / OG image / Twitter Card tags. Add minimal WebPage @type JSON-LD with isPartOf reference.,Consistency for crawlers and social-share previews. Low-traffic pages but completes the site's schema profile.,Easy,30 min,None,Developer,2026-04-27,"Added to all 3 legal pages: canonical + hreflang en-ca + favicon links + 8 OG tags (og:type/site_name/title/description/url/image/image:alt/locale) + 4 Twitter Card tags (card type=summary_large_image, title, description, image) + JSON-LD WebPage schema with isPartOf=WebSite + publisher=@id LocalBusiness. og:image and twitter:image both point at homepage-hero.jpg. Site schema coverage now 100%% on active pages (was 89%%). Modified files: privacy-policy.html, terms-of-service.html, accessibility-statement.html."
12,2026-04-27,Content SEO,High,Complete,Meta descriptions,"sprinkler-service-newmarket.html, sprinkler-service-aurora.html, blog-spring-fertilization-sprinkler-timing-gta.html, blog-landscape-renovation-sprinkler-prep-gta.html, blog-tree-irrigation-newmarket-gta.html","/sprinkler-service-*.html, /blog-*.html",5 pages have meta descriptions over 160 chars (max useful display width). Newmarket page is 319 chars — truncates badly in SERP. Aurora 308 chars.,Trim each to 140–155 chars. Move neighborhood lists or detail to body content. Lead with the local hook + service + a benefit.,Truncated descriptions look unprofessional and lose CTR. Tight descriptions consistently outperform long.,Easy,45 min,None,Marketer,2026-04-27,"Trimmed all 5 over-length descriptions to 145-155 chars (under Google 160 char display limit). Updated 3 meta tags per page: description, og:description, twitter:description (where present). Found that 3 blog posts (spring-fertilization / landscape-renovation / tree-irrigation) have no twitter:description tag at all — flagged for Phase 2 schema sweep. Modified files: sprinkler-service-newmarket.html, sprinkler-service-aurora.html, blog-spring-fertilization-sprinkler-timing-gta.html, blog-landscape-renovation-sprinkler-prep-gta.html, blog-tree-irrigation-newmarket-gta.html."
13,2026-04-27,Content SEO,High,Complete,Title strength,"contact.html, estimate.html, quote.html, faq.html","/contact.html, /estimate.html, /quote.html, /faq.html",Titles are weak / generic. 'Contact Us' instead of 'Contact PJL Land Services — Newmarket Sprinkler Experts'. Missing keywords.,Rewrite each title to include primary keyword + location + brand. Stay 50–60 chars.,Generic titles cost SERP CTR and waste keyword authority. Strong titles are free SEO.,Easy,30 min,None,Marketer,2026-04-27,"All 4 pages: <title>, og:title, twitter:title now aligned and 50-55 chars (within Google display limit). New titles: contact.html=Contact PJL Land Services - Newmarket Sprinkler Experts (55c); estimate.html=Free Sprinkler Installation Estimate - Newmarket & GTA (54c); quote.html=Build Your Sprinkler Quote - Newmarket, Aurora & GTA (52c); faq.html=Sprinkler & Landscape Lighting FAQ - PJL Newmarket (50c). Each adds primary keyword + location to what were previously generic titles. Modified files: contact.html, estimate.html, quote.html, faq.html.", og:title, twitter:title for each page.
14,2026-04-27,Internal Linking,High,Complete,Blog posts,All blog-*.html,/blog-*.html,No 'Related services' or 'Book this service' CTAs at the end of blog posts. Reader has no path from how-to content to the service that performs it.,Add a 'Related services' card group at the end of each post linking to relevant service-page(s) + a primary CTA button (Get a Quote / Book Service Call).,Blog content currently has zero conversion path. Adding these can lift blog-source bookings 5–10x without adding traffic.,Easy,1 hr,None,Marketer,2026-04-28,"COMPLETE. Added a Related-services CTA section to all 10 blog posts (immediately above the floating post-sticky-cta + footer). Each CTA block has: (1) primary green-gradient card with eyebrow / headline / subhead / amber-pill primary action button matched to the post topic, (2) 3 white service tiles with green icon chip + name + one-line description. Per-post primary CTAs: spring-opening posts route to sprinkler-spring-opening.html; install-related posts route to sprinkler-installation.html (free site review); lighting post to landscape-lighting.html; signs-of-repair post to sprinkler-repair.html (book a service call). Service tiles are topically chosen for each post. Shared CSS added to style.css (.post-services-cta + .post-svc-tile classes) so all 10 posts use the same component without per-post style duplication. Estimated impact: blog source previously had zero conversion path; this should lift blog->booking 5-10x without adding traffic per the audit hypothesis. Modified files: style.css, blog-spring-sprinkler-opening.html, blog-spring-fertilization-sprinkler-timing-gta.html, blog-tree-irrigation-newmarket-gta.html, blog-landscape-renovation-sprinkler-prep-gta.html, blog-landscape-lighting-newmarket.html, blog-sprinkler-installation-newmarket.html, blog-lawn-irrigation-myths-busted-gta.html, blog-lawn-underwatering-signs-newmarket-gta.html, blog-signs-sprinkler-needs-repair-newmarket-gta.html, blog-earth-day-water-savings-newmarket-gta.html."
15,2026-04-27,Internal Linking,High,Complete,Service pages,"sprinkler-systems.html, landscape-lighting.html","/sprinkler-systems.html, /landscape-lighting.html",Service pages don't link out to the 5 area pages. A homeowner from Richmond Hill landing on sprinkler-systems gets no signal that there's a localized page for them.,Add a 'Service Areas' section on each core service page with linked tiles for Newmarket / Aurora / King City / Richmond Hill / Vaughan (and Markham once built).,Improves internal-link equity to area pages — and reassures local prospects they're in coverage.,Easy,30 min,None,Developer,2026-04-28,"COMPLETE. Added shared Service Areas tile section to both core service hub pages (sprinkler-systems.html + landscape-lighting.html). Section sits just before the end-of-page CTA banner and includes 6 city tiles: Newmarket / Aurora / King City / Richmond Hill / Vaughan / Markham. Each tile has a green map-pin icon, city name (green), one-line neighborhood teaser, and an amber View [city] area arrow link routing to the corresponding sprinkler-service-[city].html area page. Component CSS lives in style.css (.service-areas-block + child classes) so future service pages can reuse it without inline-style duplication. Estimated impact: improves internal-link equity to area pages (each was getting linked from 5-6 places before; now 7-8 places sitewide) and gives localized prospects a clear pathway from a broad service hub to their citys dedicated content. Modified files: style.css, sprinkler-systems.html, landscape-lighting.html."
16,2026-04-27,Conversion,High,Complete,Quote vs Estimate consolidation,"estimate.html, quote.html",various,Two near-identical conversion pages (estimate.html + quote.html) caused mixed terminology in nav/footer/inline CTAs. Both submit to the same Formspree endpoint (mvzdjolv) — same email destination — so the duplication was purely cosmetic.,"Owner picked Option A on 2026-04-28: keep both URLs, sweep CTA terminology sitewide to ""Estimate"" only. Soft, no-pressure framing. Owner: ""I like the estimate, it's just a small option nothing leading out. Free of charge.""",Reduces decision friction. Funnels traffic through one consistent label. Both URLs preserved for SEO continuity.,Easy,1 hr,Owner decision (received 2026-04-28),Owner + Developer,2026-04-28,"COMPLETE. Sitewide CTA verbiage sweep ""Quote"" → ""Estimate"" on customer-facing button labels. 45 files updated in nav + mobile-nav chip pass (every page that ships the standard nav got ""Get a Quote"" → ""Get a Free Estimate""). quote.html-specific updates: meta description / og:title / twitter:title / page <title> / schema name+description / page eyebrow / H1 / lede / builder section h2 / builder hint / submit button / success message all switched to ""Estimate"" framing with ""free of charge, no obligation"" clarifications added. process.html related-services tile + quote.html footer Services link both updated. Skipped per project rule: quote-legacy.html (robots-disallowed backup), URL filenames (quote.html stays for SEO continuity), CSS/JS class names (nav-cta--quote / quote-form / quoteForm), Schema.org @type RequestQuoteAction (structural identifier), industry-deliverable phrases like ""fixed-price written quote"" (describes the after-consultation document, distinct from the soft entry-point CTA). Verification: zero customer-facing ""Get a Quote"" CTAs remain except in quote-legacy.html (intentional)."
17,2026-04-27,Maintainability,High,Complete,Repository hygiene,"audit-*.png, postfix-*.png, about-debug-*.png, about-home-*-check.png, about-tablet-*-after.png, about-phone-*-after.png, Home-estate.png, Home-large.png, Home-small.png, Same Day Service.svg",/various,~28 MB of working-set / dev-iteration screenshots and unused assets sit at the project root. They are not referenced in any HTML but ship with the repo and may end up in a GitHub Pages deploy.,Move to a /dev-archive/ folder OR add to .gitignore + delete. Verify each is unreferenced before removing.,"Cleaner repo, faster clones, smaller deploy. Reduces confusion for future maintainer.",Easy,30 min,None,Developer,2026-04-27,"COMPLETE. Deleted 42 unreferenced files (49.6 MB) from project root: 9 audit-*.png responsive screenshots, 6 postfix-*.png CSS iteration captures, 9 about-*-check / about-debug / about-tablet / about-phone screenshots, plus Same Day Service.svg (1.92 MB), about-property.jpg, hunter-hydrawise-lockup.png, hydrawise-app-overview.png (6.85 MB!), hydrawise-app-zones.png, logo-transparent.png, weather-based-adjustments.png, download.png. 3 files were KEPT because they are still referenced by quote-legacy.html (orphaned but preserved per handoff): Home-estate.png, Home-large.png, Home-small.png. Verified post-deletion that every <img src> reference in active HTML still resolves to a file on disk. If/when quote-legacy.html is removed in the future these 3 Home-* files become candidates for a follow-up cleanup. Modified files: deleted 42 image files at project root."
18,2026-04-27,Local SEO,Medium,Complete,Service-area expansion,(new) sprinkler-service-stouffville.html,/sprinkler-service-stouffville.html,Stouffville (~35k residents) is east of Aurora — newer estate properties with high lighting/irrigation demand. Currently no page.,Create following the area-page template. Localize for Whitchurch-Stouffville: Lakeside Hideaway / Wheler Mills / acreage market / new estates.,Expands eastern service coverage without overlap. Likely lower competition than Markham.,Medium,3 hr,None,Marketer + Developer,2026-04-28,"COMPLETE. Built sprinkler-service-stouffville.html cloning the Markham scaffold, localized for Whitchurch-Stouffville (~50k pop, 25 min from base, mix of downtown core + Ballantrae estates + Oak Ridges Moraine rural). Local-detail box explains the moraine soil difference (sandier east, clay west) and why templated soil assumptions fail. 15 named neighborhoods. FAQPage with 4 Q&As (neighborhoods, response, cost, moraine soil). Geo 43.9716;-79.2444. Modified files: sprinkler-service-stouffville.html (new), plus footer + sitemap + tile sweeps in same commit."
19,2026-04-27,Local SEO,Medium,Complete,Service-area expansion,(new) sprinkler-service-east-gwillimbury.html,/sprinkler-service-east-gwillimbury.html,East Gwillimbury (~35k) is between Aurora and Stouffville. Already in homepage areaServed schema; needs a dedicated page.,Create using template. Localize for Sharon / Holland Landing / Mount Albert / Queensville.,Low-effort win. Schema already mentions; just needs the page to back the claim.,Medium,3 hr,None,Marketer + Developer,2026-04-28,"COMPLETE. Built sprinkler-service-east-gwillimbury.html — emphasizes FASTEST RESPONSE in our service area (5-10 min for Sharon/Holland Landing, 15 min for Mount Albert/Queensville). Hero meta band uses lightning-bolt for fastest-response framing. Local-detail box covers the well-fed property consideration (many EG rural properties run on private wells; needs different pump/pressure logic than municipal). 15 named communities. FAQPage with 4 Q&As (communities, fastest response, cost, well-fed properties). Geo 44.1041;-79.4421. Modified files: sprinkler-service-east-gwillimbury.html (new)."
20,2026-04-27,Local SEO,Medium,Complete,Service-area expansion,(new) sprinkler-service-thornhill.html,/sprinkler-service-thornhill.html,Thornhill (~80k) is technically inside Vaughan but is searched as a distinct neighborhood with high lighting demand and affluent demographics. No dedicated page.,Create page with landscape-lighting positioning emphasized (premium homes / mature landscapes / curb-appeal focus).,Captures lighting-specific Thornhill searches that the broader Vaughan page diffuses.,Medium,3 hr,None,Marketer + Developer,2026-04-28,"COMPLETE. Built sprinkler-service-thornhill.html — angled toward LANDSCAPE LIGHTING positioning per audit notes. Page acknowledges Thornhill spans both Vaughan and Markham sides of Yonge. Local-detail box explains why Thornhill matters specifically for premium landscape lighting (mature-tree canopy + heritage hardscape + premium architecture). Service grid LEADS with Premium Landscape Lighting card. 14 named neighborhoods. FAQPage with 4 Q&As (both-sides coverage, response, why-lighting, cost). Schema includes lighting in OfferCatalog. Geo 43.8174;-79.4239 (Old Thornhill). Modified files: sprinkler-service-thornhill.html (new). Cross-link sweep: 11 footer Service-Areas lists updated, sitemap.xml + sitemap.html updated with 9 area pages, sprinkler-systems.html + landscape-lighting.html Service Areas tile sections updated to 9 tiles."
21,2026-04-27,Content SEO,Medium,Complete,Smart Controllers,(new) hydrawise-installation.html,/hydrawise-installation.html,Hydrawise / smart-controller is a strong differentiator but lives only as a sub-section. 'Hydrawise installer' + 'smart sprinkler controller' searches are loyal high-AOV.,"Create dedicated page with: Hydrawise feature deep-dive (weather-based scheduling / remote app / water-savings ROI), retrofit process, pricing ($380–$520), Hunter University / Authorized Installer credentials.",Captures retrofit market (existing-system owners). Larger TAM than new-build only.,Medium,2.5 hr,None,Marketer + Developer,2026-04-28,"COMPLETE. Built sprinkler-hydrawise.html — dedicated landing page for Hunter Hydrawise smart controller installs. Two-paths framing: STANDARD on every new PJL install (no upcharge, included in install pricing) vs RETROFIT on existing systems (80 up-to-6-zones, 20 7-12-zones, estate quoted on-site). Page sections: hero with Hunter University Trained / Authorized Installer eyebrow + 3-stat meta band, 4-card What-Hydrawise-does grid (weather skip / app control / leak alerts / runtime history) + 30-40% water-savings pull quote, two-path split-card section (green Included / amber Retrofit), 6-step retrofit process, compatibility section listing supported brands (Hunter / Rain Bird / Toro / Orbit / Irritrol / generic builder grade) and edge cases, Tech-Grade Standard credential callout (smart brain + proper hydraulics), Hunter University Trained / Authorized Installer credentials section, CTA strip, Related services + areas grid. Schema: Service @type with 3-tier OfferCatalog (/usr/bin/bash included on install / 80 retrofit / 20 retrofit) + FAQPage with 6 Q&As (what does it do, included on install, retrofit possible, retrofit cost, water-savings ROI, credentials). Cross-link sweep: Footer Services column updated on 26 pages with new Hydrawise entry, sitemap.xml at priority 0.85 with image, sitemap.html Services section bumped to 7 pages. Modified files: sprinkler-hydrawise.html (new), sitemap.xml, sitemap.html, plus 26 pages with footer updates."
22,2026-04-27,Content SEO,Medium,Complete,Drip Irrigation,drip-irrigation.html,/drip-irrigation.html,Drip irrigation is in the homepage schema and Patrick's bio but has no content. Growing category for vegetable gardens / perennials / water-conscious landscaping.,"Create page covering use cases (vegetables / trees / ornamental beds), benefits (targeted / mulch-friendly / per-plant), pricing, and how it integrates with Hydrawise.",Diversifies offering beyond lawn irrigation. Lower competition keyword.,Medium,2.5 hr,None,Marketer + Developer,2026-04-28,"Built drip-irrigation.html using sprinkler-hydrawise.html scaffold. Sections: dark hero w/ rainbird-xfd-dripline.jpg bg + breadcrumbs + dual CTA + meta band ($400-$900 retrofit / 30-40% less water / beds·trees·vegetables); ""What drip actually does"" 4-card features (slow targeted application / no foliage soaking / pressure-compensating / 30-40% less water); ""Where drip wins"" 4-card use-case grid (vegetable gardens $400-700 / perennial+shrub beds $400-700 / mature trees $400-900 / containers+raised beds); two-paths split (included on new install vs $400-900 retrofit); 6-step retrofit process; GTA-clay rationale section; Hydrawise integration callout cross-linking sprinkler-hydrawise.html; brands section (RainBird XFD/XFDe + Hunter HDL Subsurface Dripline w/ external link to RainBird XF design guide); CTA strip; related services + areas grid. Schema: Service @id w/ OfferCatalog (4 offers) + FAQPage w/ 7 Q&As. Pricing leans on documented blog claims (blog-tree-irrigation-newmarket-gta tree drip zone $400-900; blog-landscape-renovation-sprinkler-prep ""add drip in 2 new beds: $480""). Cross-link sweep: footer Services list updated across 27 standard footers + 4 older-pattern footers (index/blog/sprinkler-systems/blog-tree-irrigation) — total 31 files. Skipped minimal-footer pages (legal/contact/faq/landscape-lighting/quote/quote-legacy) per existing convention (they don't carry Hydrawise either). sitemap.xml: <url> entry priority 0.85 w/ rainbird-xfd-dripline.jpg image. sitemap.html: tile added to Sprinkler Services section under Hydrawise. Modified files: drip-irrigation.html (new), sitemap.xml, sitemap.html, + 31 footer files."
23,2026-04-27,Conversion,Medium,Complete,Warranty page,warranty.html,/warranty.html,3-year warranty is mentioned scattered across schema / area pages / estimate page. Deserves dedicated page documenting coverage / claim process / exclusions.,"Create page with: clear coverage table (parts / labour / span), claim process steps, exclusions, comparison to industry-standard 1-year.",Major trust signal. Above-industry warranty is a competitive differentiator that's currently invisible.,Easy,2 hr,None,Marketer,2026-04-28,"Built warranty.html using sprinkler-hydrawise/drip-irrigation scaffold. Sections: dark hero w/ shield motif (giant 🛡️ at 5% opacity right side) + breadcrumbs + dual CTA + meta band (3 yrs install / 1 yr repair / parts+labour); ""What's covered"" 3-tier card grid (3-year install — headline w/ green border / 1-year repair / 1-year retrofit) — each card has years number in Barlow Condensed 56px + parts-and-labour subhead + checkmarked coverage list; ""How that compares to the industry"" two-column compare-grid (industry standard 1-year-parts-only in muted card vs PJL 3-year-parts-and-labour in green-gradient card); 4-step claim process; ""What's not covered"" amber-bordered exclusions list (third-party damage, acts of nature, customer mods, backflow assemblies, wear-and-tear, water-quality issues); ""Why we can offer 3 years"" (hardware + design rationale w/ Tech-Grade Standard cred-callout); transferability section (warranty stays with property, free transfer letter); CTA strip; related services grid. Schema: Service @id w/ OfferCatalog containing 3 WarrantyPromise nodes (3yr install, 1yr repair, 1yr retrofit) + FAQPage w/ 7 Q&As. Crucial: respects backflow_not_certified rule — exclusions list explicitly notes backflow assemblies are out of scope and refers to certified tester. Cross-link sweep: footer Services list updated across 32 pages (added warranty link after drip), sitemap.xml entry priority 0.7, sitemap.html ""Legal & Compliance"" section updated (3→4 pages, warranty added at top); Services count corrected (7→8 since drip was added without bumping count). Modified files: warranty.html (new), sitemap.xml, sitemap.html, + 32 footer files."
24,2026-04-27,Conversion,Medium,Complete,Process / How It Works,process.html,/process.html,No page documents the install-to-finish customer journey. Reduces buyer hesitation when prospects can see exactly what to expect.,Create 'How It Works' page outlining steps for sprinkler install: free consultation → on-site assessment → custom design → install day → walk-through → ongoing service. Same for landscape lighting.,Reduces uncertainty for first-time buyers. Particularly helpful for higher-ticket lighting projects.,Easy,2 hr,None,Marketer,2026-04-28,"Built process.html using the warranty/hydrawise scaffold w/ multi-track structure. Sections: dark hero w/ green gradient + breadcrumbs + dual CTA + meta band (free site assessment / written design / one technician); 3-principles card grid (plan it once / written design before digging / one tech end-to-end); Track 1 sprinkler install (7-step journey reusing copy from sprinkler-installation.html for consistency, each step has time estimate + cadence) ending in 3-yr warranty cred-callout cross-linking warranty.html; Track 2 landscape lighting (6-step journey, amber-themed step pills/numbers, including the non-negotiable after-dark walk-through); Track 3 sprinkler repair (4-step abbreviated journey, blue-themed); timeline summary strip (Day 0 → Days 1-7 → Days 7-12 → Day 14-21 → Install day) showing typical residential install pacing; CTA strip; related-services grid. Schema: WebPage + FAQPage w/ 6 Q&As (timeline, who shows up, free consult confirm, what differs install vs repair, etc). Cross-link sweep: footer Services list updated across 28 pages (process inserted between warranty and landscape-lighting); sitemap.xml entry priority 0.7; sitemap.html ""Main Pages"" count bumped 5→6 with How It Works tile. Page positions process as the conversion bridge between awareness and quote — answers ""what should I expect"" before prospects book the consult. Modified files: process.html (new), sitemap.xml, sitemap.html, + 28 footer files."
25,2026-04-27,Conversion,Medium,Complete,Pricing Guide,pricing.html,/pricing.html,Pricing is partial / scattered ($90 spring opening / $585+$525-per-zone install / $245-per-fixture lighting). A pricing landing page would capture buyer-research traffic.,Create page with: 'Starting at' pricing for each service / what drives the price / typical project ranges / what's included. Include disclaimer that on-site visit calibrates final number.,High-intent traffic. Reduces unqualified leads (people calling who can't afford). Trust signal — most competitors hide pricing.,Medium,2 hr,Owner approval on pricing transparency,Owner + Marketer,2026-04-28,"Built pricing.html using Patrick's master pricing document delivered 2026-04-28 (saved as canonical reference at memory/master_pricing.md). Sections: dark hero w/ giant $-watermark + breadcrumbs + dual-CTA + meta band ($95 service call / $68 head / $85+ spring); $95 Service Call hero box (giant Barlow Condensed numerals on green gradient — explicitly anchors the service-call concept); blue-themed AI Intake bonus callout w/ the new ""labour for the diagnosed repair, no matter how long it takes"" wording; common-repairs price-table (heads $68 flat, 3-valve manifold $135, 6-valve manifold $285, PGV-100G $74.95/valve, wire diagnostics $187, wire run replacement tiered by length, pipe break $120, capping); Hydrawise controller table by zone count ($595 / $750 / $1,195 / custom 17+); seasonal services price-table (Spring opening $85/$120/$285 + Fall closing $85/$95/$120/$145, no service-call-on-top); 9 sample-quote cards using Patrick's exact validated examples ($163 / $299 / $379.90 / $829.70 / $845 / $282 / $215 / $120); custom-quote items section (new zone $575+, mainline, smart accessories, drip retrofit cross-link, install/lighting cross-links); red-bordered backflow refer-out note; disclaimer block. Schema: Service @id w/ OfferCatalog containing 23 priced Offer entries for rich snippets + FAQPage w/ 7 Q&As (service call mechanics, head replacement math, manifold logic, Hydrawise tiers, install/lighting custom-quote framing, backflow refer-out, AI intake promise). Cross-linked: footer Services list across 31 pages (pricing inserted between How It Works and Landscape Lighting); sitemap.xml entry priority 0.85 (high — conversion page); sitemap.html Services section count bumped 8→9 with Pricing tile under Sprinkler Repair. RECONCILIATION FLAG: existing site contains 5+ stale price points that conflict w/ master pricing — full audit compiled, presented to Patrick as numbered question list before any propagation per the new ask-before-assuming rule. Modified files: pricing.html (new), sitemap.xml, sitemap.html, + 31 footer files."
26,2026-04-27,Content SEO,Medium,Not Started,Cost blog post,(new) blog-sprinkler-system-cost-ontario.html,/blog-sprinkler-system-cost-ontario.html,'How much does a sprinkler system cost in Ontario / GTA' is one of the highest-volume sprinkler queries. No matching content currently.,Write 1500–2000 word post: cost factors / lot size / soil / zone count / brand / warranty value / typical budget tiers ($2.8k–$12k+). End with quote-builder CTA.,Highest-volume single keyword in irrigation searches. Single best blog post you could publish for SEO.,Medium,2 hr,None,Marketer,,Pair with 'Get a quote' CTA at bottom.
27,2026-04-27,Content SEO,Medium,Complete,Seasonal blog post,blog-when-to-turn-on-sprinklers-ontario.html,/blog-when-to-turn-on-sprinklers-ontario.html,April–May Ontario search spike for 'when to turn on sprinklers'. No matching content currently.,"Write seasonal-timing post: last frost date by region (Newmarket / Aurora / GTA), soil temp readiness, ground-frost checklist. Link to Spring Opening service.",Captures urgent seasonal traffic. Drives spring-opening bookings.,Easy,1.5 hr,None,Marketer,2026-04-28,"Built blog-when-to-turn-on-sprinklers-ontario.html using the maintenance-checklist scaffold. Sections: post-hero w/ green/amber gradient + breadcrumbs + dual-CTA + meta band; the 3 readiness conditions card grid (1. last hard frost past — 0°C+ overnight 10-day forecast / 2. soil temp 10°C+ at 6 inches / 3. ground no longer frost-locked — probe 8-10 inches) — each card has numbered green disc + emoji icon + threshold pill + how-to-check tip; ""From the truck"" anecdote callout; regional timing TABLE w/ 8 GTA municipalities (Toronto core mid-April → King City / East Gwillimbury early May, w/ rationale per row); cost-of-too-early box (red-bordered, 3 numbered failure modes — frost-cracked manifold $400-900 / frost-heaved lateral break $250-600 / cold-soil fungal pressure on lawn); 5-step DIY pre-check ordered list; ""When to call us"" bulleted summary of spring-opening inclusions; CTA callout cross-linking spring-opening service; bottom-line conclusion. Schema: BlogPosting w/ articleSection ""Spring Sprinkler Timing"", wordCount 1620, GTA/York Region cities in areaServed + FAQPage w/ 6 Q&As (when in Newmarket/Aurora, what too-early causes, ground-thaw test, soil-temp importance, regional differences, DIY vs pro). Hard-rule compliance: backflow check explicitly marked visual-only with ""regulated and requires a certified tester"" callout; never claims PJL tests/certifies backflow. Cross-linked: blog.html (new card inserted at top, Maintenance Checklist now second), sitemap.xml entry priority 0.75 (slightly higher than other blog posts due to seasonal urgency), sitemap.html Blog section count 12→13. Modified files: blog-when-to-turn-on-sprinklers-ontario.html (new), blog.html, sitemap.xml, sitemap.html."
28,2026-04-27,Content SEO,Medium,Complete,Maintenance blog post,blog-sprinkler-maintenance-checklist.html,/blog-sprinkler-maintenance-checklist.html,No homeowner-facing maintenance checklist currently. Authority + email-capture opportunity (downloadable PDF).,Write checklist post: spring prep / mid-season / fall prep. Each task with DIY-vs-professional threshold. Offer PDF download for email capture.,Builds authority. Email capture for newsletter (future re-marketing).,Medium,1.5 hr,Email-capture form (mailing list service),Marketer,2026-04-28,"Built blog-sprinkler-maintenance-checklist.html using the lawn-irrigation-myths-busted scaffold (post-hero w/ green/amber gradient, sticky TOC, reading-progress bar, sticky-CTA, post-author-card, related-grid + post-services-cta + footer). Custom CSS for: season-header (icon + title + when-stamp, three colour variants spring/mid/fall), task cards (left-border colour-coded green for DIY / amber for Pro / blue for Mixed; badge pills inside each task), DIY-vs-Pro legend block, warning-box (dark red gradient w/ alert tag) for the ""Don't DIY these"" section. Content: 17 numbered maintenance tasks across spring start-up (6 tasks April-May), mid-season checks (6 tasks June-Aug, monthly walk + Hydrawise alerts + water-bill review + drip emitter inspect + post-landscaper run-throughs + new-sod tuning), fall close-down (5 tasks Sept-Nov). Each task tagged DIY ✓ / DIY-or-Pro / PRO 🔧, several with explicit ""cost of skipping"" $-amounts. Two ""From the truck"" anecdote callouts. Dedicated warning-box on the 5 tasks not to DIY (shop compressor winterization, backflow servicing, live-pressure valve work, irrigation pipe splicing, controller wiring). Cost-of-skipping section with 3 real-world callouts ($1,420 worst-case from skipped winterization). Schema: BlogPosting w/ articleSection ""Sprinkler Maintenance"", wordCount 1850, keywords list + FAQPage w/ 6 Q&As. Skipped the email-capture PDF dependency from the brief — Patrick doesn't have a mailing-list service set up yet; left CTA as ""Book seasonal service"" instead. Hard-rule compliance: backflow assembly tasks marked PRO with explicit ""PJL refers out for testing/cert""; irrigation pipe (not PVC) terminology used in DIY-don't list; never claim PJL tests/certifies backflow. Cross-linked: blog.html grid (new card inserted at top, count 11→12 implied), sitemap.xml entry priority 0.7, sitemap.html Blog section count 11→12. Modified files: blog-sprinkler-maintenance-checklist.html (new), blog.html, sitemap.xml, sitemap.html."
29,2026-04-27,Local SEO,Medium,Complete,Bylaws blog post,blog-watering-bylaws-york-region.html,/blog-watering-bylaws-york-region.html,Each York Region municipality has different watering rules. Homeowners search 'watering restrictions Newmarket / Aurora / Vaughan' frequently. No matching content.,Write municipality-by-municipality bylaw table: Newmarket / Aurora / Richmond Hill / Vaughan / King City / Markham / Stouffville. Position Hydrawise as automatic-compliance.,Strong local-authority signal. Gets linked to / referenced by other local sites. Captures niche local searches.,Medium,1.5 hr,Verify current bylaws,Marketer,2026-04-28,"Built blog-watering-bylaws-york-region.html — Phase 1 (safe, no specific bylaw numbers/fines/hours from us). Confirmed w/ Patrick: York Region is upper-tier (supplies water + drought-stage declarations); the 9 lower-tier municipalities each write their own water-use bylaw. Sections: post-hero w/ green/blue gradient + ""Last verified: April 28, 2026"" stamp at top of body (per brief's note ""Bylaws change. Add a last verified date and review yearly""); two-tier system diagram (Region pill / Municipality pill stacked rows); ""From the truck"" anecdote about most homeowners assuming one set of rules; what-most-bylaws-share 6-card grid (odd/even days, peak-hour restrictions, drip exemptions, new-sod permits, drought escalation, fines); 10 municipality cards w/ official municipal home page links (Newmarket / Aurora / King / Richmond Hill / Vaughan / Markham / Whitchurch-Stouffville / East Gwillimbury / Georgina + York Region) — links to .ca homepages w/ instruction to search ""water use bylaw"" rather than fabricating deep links that would rot; disclaimer block reinforcing the link approach; drought-stage escalation 3-card grid (Stage 1 voluntary green / Stage 2 mandatory amber / Stage 3 ban red, all framed as ""the pattern"" not specific to any single municipality); smart-controller compliance section w/ 5 bulleted Hydrawise auto-compliance benefits cross-linking sprinkler-hydrawise + drip-irrigation; CTA callout to Hydrawise. Schema: BlogPosting w/ articleSection ""Local Bylaws"", areaServed listing all 9 York Region municipalities, wordCount 1740 + FAQPage w/ 6 Q&As (who sets the rules, common patterns, smart controller compliance, drip exemptions, drought, where to find current bylaw). Hard accuracy compliance: NEVER cited specific fine amounts, hour windows, or day-of-week rules per municipality (those vary, change, and would be a factual-claim minefield); positioned everything as ""general structure"" + ""verify with your municipality""; phase 2 (with Patrick-verified per-municipality data sheet) flagged as future enhancement. Cross-linked: blog.html (new card at top, when-to-turn-on slides to second), sitemap.xml entry priority 0.7, sitemap.html Blog section count 13→14. Modified files: blog-watering-bylaws-york-region.html (new), blog.html, sitemap.xml, sitemap.html."
30,2026-04-27,Internal Linking,Medium,Not Started,Footer service-area links,All pages,style.css + per-page footer,Footer service-area links exist but don't include all five area pages on every page. Inconsistent across the site.,Standardize footer service-area block: all current + future area pages. Centralize into a single source if a static-site generator is adopted (see ID 60).,Stronger sitewide internal linking. Easier for crawlers to discover all area pages.,Easy,30 min,None,Developer,,
31,2026-04-27,Performance,Medium,Not Started,Image lazy-loading,All pages with below-fold images,/various .html,Only 9 of ~105 images use loading='lazy'. Below-fold images load in the critical path unnecessarily.,Add loading='lazy' to every <img> below the first viewport. Keep eager loading on hero images only.,Cuts mobile data usage. Improves Largest Contentful Paint (LCP).,Easy,1 hr,None,Developer,,
32,2026-04-27,Performance,Medium,Not Started,Responsive image sizing,"homepage-hero.jpg, landscape-lighting-hero.jpg, sprinkler-installation.jpg, spring-fall-service.jpg",/various,Hero images are served at full resolution to all devices regardless of viewport. No <picture> or srcset.,Generate 3 sizes per hero (mobile 768w / tablet 1280w / desktop 2000w) and use srcset with sizes attribute. Or use CSS image-set() for backgrounds.,Mobile users currently download desktop-size images. Lighthouse flag.,Medium,2 hr,Image processing tool (already have Pillow),Developer,,
33,2026-04-27,Maintainability,Medium,Not Started,CSS breakpoint consolidation,style.css,/style.css,11 distinct media-query breakpoints across the site (1024 / 1000 / 900 / 880 / 768 / 760 / 720 / 640 / 600 / 540 / 520 / 480). Some redundant.,Consolidate to 4 core breakpoints: 1024 (desktop) / 768 (tablet) / 640 (large mobile) / 480 (mobile). Audit and merge overlapping rules.,Easier to maintain / fewer surprises when adjusting layouts. Reduces mistakes when one breakpoint is updated and similar ones aren't.,Hard,4–6 hr,None,Developer,,Major refactor — should be done with full visual regression check across all pages and breakpoints.
34,2026-04-27,Maintainability,High,Not Started,Nav / footer duplication,All 28 .html files,/various,Navigation block (~110 lines) and footer (~100 lines) are duplicated across all 28 HTML files. Any change requires 28 edits — high error rate / drift risk.,Migrate to a static-site generator (Astro / 11ty / Hugo) with shared partials. Alternative low-effort fix: server-side include via a build-time concat script.,Single biggest maintainability win. Future-proofs the site for whoever maintains it after the current owner.,Hard,1–2 days,None,Developer,,Astro is recommended for this stack: keeps the static-output / no-server simplicity but adds component reuse.
35,2026-04-27,Schema,Medium,Not Started,FAQPage schema for new service pages,Spring Opening / Fall Winterization / Repair pages (when built),/various,FAQPage schema is excellent on existing area pages and faq.html. New service pages should match.,Add FAQPage JSON-LD with 3–5 service-specific questions to each new service page (cost / timing / DIY-risk / warranty / process).,FAQ rich-results in SERP. High-CTR snippet style.,Easy,30 min per page,Service pages must exist,Developer,,
36,2026-04-27,Schema,Low,Not Started,BreadcrumbList schema,Service-area pages,/sprinkler-service-*.html,Visible breadcrumb UI exists but no BreadcrumbList JSON-LD. Misses the rich-result eligibility.,Add BreadcrumbList to each area page: Home → Service Areas → [City].,Helps Google understand hierarchy. Breadcrumb in SERP.,Easy,15 min per page,None,Developer,,
37,2026-04-27,Schema,Low,Not Started,AggregateRating preparation,index.html,/index.html,"Once 5+ verified reviews are live (see ID 2), homepage should expose AggregateRating. Currently absent.",Add AggregateRating JSON-LD with ratingValue / reviewCount once reviews are live. Update reviewCount monthly.,Star rating in local-pack and SERP. Major CTR lift.,Easy,30 min,Depends on ID 2 (reviews live),Developer,,Don't fake / inflate. Manual penalty risk.
38,2026-04-27,Accessibility,Low,Not Started,Mobile nav button,nav.js + nav HTML in all pages,/various,Hamburger button has no aria-expanded attribute. Screen readers can't announce open/closed state.,Add aria-expanded='false' (toggled to 'true' on open) to .nav-hamburger. Add aria-controls pointing to .nav-mobile id.,WCAG compliance. Screen reader users currently can't tell if menu is open.,Easy,15 min,None,Developer,,
39,2026-04-27,Accessibility,Low,Not Started,Footer social links,All pages with footer,/various,"Footer social-icon links contain only a single character (e.g., 'f' for Facebook). Screen readers read 'f link'.",Add aria-label='Facebook' / aria-label='Instagram' / etc. to each social link. Or wrap visible text in <span class='visually-hidden'>.,Screen reader accessibility. Common WCAG fix.,Easy,15 min,None,Developer,,
40,2026-04-27,Accessibility,Low,Not Started,Decorative SVG marking,All pages,/various,Decorative inline SVG icons (logo-mark / etc.) lack aria-hidden='true'. Screen readers may announce them.,Add aria-hidden='true' to all decorative SVG sprites used as icons.,Cleaner screen-reader experience. WCAG-A polish.,Easy,30 min,None,Developer,,
41,2026-04-27,Brand Tone,Low,Not Started,Reviews page tone,reviews.html,/reviews.html,Page uses generic phrasing ('takes 30 seconds') that drifts from the brand's honest / non-pushy voice.,Rewrite intro and CTA copy in PJL's existing tone. Look at FAQ and About pages for tone reference.,Brand consistency = trust. Mismatched copy reads as templated / lazy.,Easy,30 min,None,Marketer,,Can be done at the same time as ID 2.
42,2026-04-27,Brand Tone,Low,Not Started,Lighting page emoji density,landscape-lighting.html,/landscape-lighting.html,Page uses emoji icons heavily (🏡 🔒 🌿 ✨). Friendlier than the rest of the site but inconsistent with the professional / clean tone.,Replace emoji with the brand's existing inline-SVG icon system used on other pages (water drop / sparkle pattern in nav.html).,Visual consistency across pages. Inline SVGs render at any size and respect color tokens.,Easy,1 hr,None,Developer,,
43,2026-04-27,Conversion,Medium,Not Started,Homepage above-the-fold testimonial,index.html,/index.html,Homepage hero has CTA + value prop but no immediate social proof above the fold.,Add a single testimonial quote + name + rating beneath the hero — once real reviews are live (see ID 2).,First-impression trust. Most visitors don't scroll past the fold.,Easy,30 min,Depends on ID 2,Marketer + Developer,,
44,2026-04-27,Conversion,Low,Not Started,Team photos,about.html,/about.html,"Only Patrick is shown. If there's a crew, photos build trust and signal that bookings won't be solo-trader-overrun.",Add 1–2 photos of crew at work (with permission). Caption with first names.,Humanizes the company. Reassures buyers who worry the owner can't scale.,Easy,1 hr,Owner provides photos,Owner + Marketer,,
45,2026-04-27,Local SEO,Low,Not Started,Service-area expansion,(new) sprinkler-service-caledon.html,/sprinkler-service-caledon.html,Caledon (~70k) — northwestern GTA. Lower density / larger lots = higher avg project value.,Create page emphasizing estate-property positioning.,Premium-positioning play. Lower volume / higher AOV.,Medium,3 hr,None,Marketer + Developer,,
46,2026-04-27,Local SEO,Low,Not Started,Service-area expansion,(new) sprinkler-service-whitchurch-stouffville.html,/sprinkler-service-whitchurch-stouffville.html,Subset of broader Stouffville coverage. May be redundant with ID 18.,Decide if ID 18 covers this or build separately.,Geographic completeness.,Medium,3 hr,Decision on ID 18 scope,Marketer,,Probably skip if Stouffville page is comprehensive.
47,2026-04-27,Local SEO,Low,Not Started,Service-area expansion,(new) sprinkler-service-innisfil.html,/sprinkler-service-innisfil.html,Innisfil already mentioned in FAQ as service area. Needs a dedicated page to back the claim.,Create page using template. Localize for Innisfil / Cookstown / Lefroy.,Schema-claim consistency. Captures Innisfil-specific searches.,Medium,3 hr,None,Marketer + Developer,,
48,2026-04-27,Content SEO,N/A,Complete,Backflow Testing,(new) backflow-testing.html,/backflow-testing.html,CANCELLED — original recommendation was a backflow-testing service page. PJL does NOT hold an Ontario backflow tester certification. Building this page would have been false advertising.,"Cancelled. Replaced with: clear notice on Spring Opening + Fall Winterization fineprint stating Backflow Cert. Extra Charge (separate certified trade, refer-out only). Visible-content backflow claims removed from about.html (credential card + JSON-LD), index.html knowsAbout schema, blog-spring-sprinkler-opening.html (test claim corrected to visual check + referral), and blog-sprinkler-installation-newmarket.html (3 claims corrected to coordinate-with-certified-tester language).",Captures niche compliance traffic. High-trust signal (technical credential).,Easy,1.5 hr,None,Marketer,2026-04-27,"See memory/backflow_not_certified.md for the rule. Future Claude sessions must NOT recreate this recommendation. The correct service offering is a referral relationship with a certified Ontario backflow tester, not in-house testing."
49,2026-04-27,Content SEO,Low,Not Started,Commercial irrigation,(new) commercial-irrigation.html,/commercial-irrigation.html,Schema mentions commercial properties but no commercial landing page. Likely 20%+ of revenue but invisible to commercial property managers searching.,Create page with commercial use cases (HOA / strip mall / multi-tenant residential / municipal). Mention of WSIB / liability insurance is a commercial trust signal.,Captures commercial / property-management traffic. Higher AOV.,Medium,2 hr,Owner confirms commercial offer + pricing,Owner + Marketer,,
50,2026-04-27,Content SEO,Low,Not Started,Frost-depth blog,(new) blog-sprinkler-frost-depth-ontario.html,/blog-sprinkler-frost-depth-ontario.html,'How deep should sprinkler lines be buried' is a consistent search. No matching content.,Write technical post on Ontario / York Region burial-depth requirements. Link to install + winterization services.,Compliance-related authority signal. Solid mid-volume search.,Easy,1.5 hr,None,Marketer,,
51,2026-04-27,Content SEO,Low,Not Started,Brand comparison blog,(new) blog-hunter-vs-rainbird.html,/blog-hunter-vs-rainbird.html,'Best smart sprinkler controller' is high-intent shopping. Currently Hydrawise-only message — comparison post defends choice without defensiveness.,Write Hunter Hydrawise vs Rain Bird ESP-Me feature / cost / support comparison.,Captures competitor-research traffic before they decide.,Easy,2 hr,None,Marketer,,
52,2026-04-27,Documentation,High,Not Started,Maintenance handoff doc,WEBSITE_MAINTENANCE_AND_SEO_HANDOFF.md,/WEBSITE_MAINTENANCE_AND_SEO_HANDOFF.md,No professional handoff documentation currently exists. If the owner steps away the site is undocumented.,Create comprehensive handoff doc (delivered as part of this audit). Maintain quarterly.,Continuity of operations. Future-proofing.,Medium,Created with this audit,None,Developer,,Created 2026-04-27.
53,2026-04-27,Documentation,High,Not Started,Implementation plan,SEO_IMPLEMENTATION_PLAN.md,/SEO_IMPLEMENTATION_PLAN.md,No phased SEO / content roadmap currently exists.,Create phased plan (delivered as part of this audit).,Roadmap for owner / future marketer.,Medium,Created with this audit,None,Marketer,,Created 2026-04-27.
54,2026-04-27,Documentation,Medium,Not Started,Action tracker CSV,Website_Audit_SEO_Action_Tracker.csv,/Website_Audit_SEO_Action_Tracker.csv,No central tracker for all open SEO / technical / content items.,Maintain this CSV as items are completed. Update Status / Date Completed columns.,Single source of truth for progress.,Easy,Ongoing,None,Owner / Marketer,,This file. Update weekly.
55,2026-04-27,Maintainability,Medium,Not Started,Inline-style cleanup,All pages,/various,Several inline style='...' attributes exist (footer link colors / stat font-size / skip-link absolute positioning). Should be class-based.,Replace with utility classes or component CSS in style.css. Remove inline styles.,Cleaner separation of concerns. Easier theme adjustments.,Easy,1 hr,None,Developer,,
56,2026-04-27,Performance,Low,Not Started,Google Fonts weight reduction,style.css,/style.css,Loads 14 weights of Barlow Condensed + DM Sans. Network cost ~80–120 KB.,Audit which weights are actually used in CSS. Drop unused weights from the @import URL.,Faster initial paint. Smaller font payload.,Easy,30 min,None,Developer,,
57,2026-04-27,Local SEO,High,Not Started,Google Business Profile,External (Google Business Profile),N/A,Google Business Profile is the largest local-SEO factor. Status / completeness unknown to this audit (external system).,Owner: ensure GBP is verified / has hours / has 10+ photos / weekly posts / categories accurately set / reviews pursued. Add UTM-tagged links to website.,GBP drives 60–80% of local-pack visibility. Free.,Medium,2–4 hr setup + ongoing,Owner access,Owner,,
58,2026-04-27,Authority,Medium,Not Started,Citations & directories,External,N/A,Local citations on Yelp / HomeStars / TrustedPros / BBB / Yellow Pages / York Region Chamber etc. matter for local pack.,Audit current citation profile. Build out missing reputable directories. Ensure NAP (Name / Address / Phone) is consistent.,Citation consistency is a top-5 local-pack ranking factor.,Medium,2–3 hr,None,Marketer,,Tools like BrightLocal / Whitespark help. Or do manually for top 10.
59,2026-04-27,Authority,Medium,Not Started,Backlink strategy,External,N/A,Link profile likely thin (small business / new site). Local-business backlinks accelerate ranking.,Pursue: York Region Chamber listing / local newspaper supplier directory / Hunter dealer locator / supplier (Hydrawise) website / charity sponsorships.,Authority signal. Compounds over time.,Hard,Ongoing,None,Marketer + Owner,,
60,2026-04-27,Maintainability,Low,Not Started,Static site generator migration,Whole project,N/A,Plain HTML site is fine but maintenance scales linearly with page count. Once 30+ pages exist nav / footer changes are painful.,Migrate to Astro (recommended) — preserves static output / SEO friendly / shared components / Markdown blog.,Drastically improves maintainability. Speeds up future feature work.,Hard,2–3 days,None,Developer,,Major project. Wait until next major redesign or after 40+ pages.
61,2026-04-27,Conversion,Medium,Complete,Coverage / service map,coverage-map.html,/coverage-map.html,No visual map showing service radius. Geographic clarity helps prospects self-qualify.,"Embed Google Map with marked service area (or a stylized SVG map). Add to contact page or new dedicated page.",Reduces out-of-area inquiries. Visual trust.,Medium,2 hr,Google Maps embed (basic iframe — no API key needed),Developer,2026-04-28,"COMPLETE. Built coverage-map.html as a dedicated page (Owner picked Q1=A dedicated / Q2=C hybrid SVG+Google Maps / Q3=A drive-time visibility 2026-04-28). Sections: dark hero w/ eyebrow ""9 Cities · York Region & GTA · One Technician"" + dual CTA + meta band; custom hand-built SVG map (viewBox 800x720) showing all 9 cities w/ Newmarket as gold star + 8 other cities color-coded by drive-time bracket (≤12 min light green / 15-25 min mid green / 30-40 min dark green) — each city is a clickable <a> linking to its dedicated service-area page; map includes compass marker, region label, dashed connection lines from base to every city, and per-city drive-time chips next to labels. Pivoted from literal concentric drive-time rings (Q3 original answer) to color-coded dots + per-city chips because straight-line geographic distance ≠ road-network drive time on this map (Stouffville is far east on the map but only 20-25 min from Newmarket; King City closer geographically but ~15 min); rings would have given misleading positioning. 9-city detail grid (each card has neighborhood listing + drive-time chip + ""→ City service page"" CTA, base card amber-themed, others green-themed). Google Maps iframe embed (basic embed without API key, centered on Newmarket at zoom 10) for ""find my exact address"" use cases. Outside-area callout (red-bordered) for graceful borderline filtering: ""call us with your address, we'll be honest, refer if needed."" CTA strip + 8-tile related-services grid. Schema: Service @id w/ areaServed listing all 9 cities each with GeoCoordinates from existing service-area page schemas + 2 AdministrativeArea entries (York Region / GTA) + FAQPage w/ 6 Q&As (cities covered, drive-time-by-city precision, edge-case handling, no-travel-fee, single-technician model, find-my-address). Cross-linked: footer Services list updated across 32 pages (coverage-map inserted between Pricing and Landscape Lighting); sitemap.xml entry priority 0.8; sitemap.html Services section count bumped 9→10 with Coverage Area tile + neighborhood-detail description. Modified files: coverage-map.html (new), sitemap.xml, sitemap.html, + 32 footer files."
62,2026-04-27,SEO,Low,Not Started,Sitemap freshness,sitemap.xml,/sitemap.xml,Sitemap has '<lastmod>' values. These should update when pages are meaningfully changed.,After any major page change update lastmod. Ideally automate as part of a build script.,Helps Google know when to re-crawl.,Easy,Ongoing,None,Developer,,
63,2026-04-27,SEO,Low,Not Started,Sitemap pending pages,sitemap.xml,/sitemap.xml,Comments at bottom of sitemap mention pending pages (winterization / commercial / gallery / additional area pages). When those pages are built they need to be added to sitemap.xml.,On launch of each new page from this tracker — append <url> entry to sitemap. Resubmit sitemap in Google Search Console.,Ensures crawl coverage. Without sitemap entry pages may take weeks to be indexed.,Easy,5 min per page,Pages must exist,Developer,,
64,2026-04-27,Local SEO,Medium,Not Started,NAP consistency check,All pages,/various,Name / Address / Phone should be byte-identical across the site and external citations.,Audit all 28 HTML pages and external listings (GBP / Yelp / etc.). Standardize on a single canonical NAP block.,Consistency is a ranking factor for local pack.,Easy,1 hr,None,Marketer,,
65,2026-04-27,SEO,Low,Not Started,hreflang for Quebec / FR market,All pages,/various,hreflang en-ca already set. If Patrick offers French-language service (Quebec / Ontarian francophones) consider FR variants.,Skip unless French-language market is a real opportunity. Otherwise leave as is.,Not currently applicable.,N/A,N/A,Owner decision,Owner,,Likely not applicable. Documented for completeness.
66,2026-04-28,Brand Tone,Medium,Not Started,Sprinkler Repair hero,sprinkler-repair.html,/sprinkler-repair.html,"Hero eyebrow currently reads ""SAME-DAY REPAIR · YEAR-ROUND SERVICE"". The ""Year-Round Service"" claim is hard to justify for sprinkler repair specifically — Newmarket/GTA systems are winterized October to April, so 5-6 months of the year there is no active irrigation to repair (controller faults and indoor shut-off leaks are exceptions, ~5% of calls). Customers reading ""year-round"" reasonably expect a January repair tech, which is not what PJL actually offers. Risk: false-promise framing damages the honest brand voice.","Replace the hero eyebrow text in sprinkler-repair.html. CONFIRMED REPLACEMENT (owner picked option 3, 2026-04-28): ""SAME-DAY REPAIR · NEWMARKET & GTA"". Search the file for class=""repair-eyebrow"" — the span currently contains ""Same-Day Repair · Year-Round Service"". Replace with ""Same-Day Repair · Newmarket & GTA"". No other markup changes needed.",Brand-tone consistency. Removes a claim PJL cannot reliably back up. The 1-year guarantee version doubles down on a real differentiator. Estimated impact: trust signal strength preserved without overstating service availability.,Easy,5 min,None — owner confirmed copy 2026-04-28,Marketer + Developer,,"Logged 2026-04-28 from Patrick. Owner confirmed replacement copy: ""Same-Day Repair · Newmarket & GTA"" (option 3 of 3). Ready to apply on next sprinkler-repair.html edit. Change is queued, not blocking — will be picked up automatically next time the repair page is touched."
67,2026-04-28,Content SEO,High,Complete,Sprinkler Installation,(new) sprinkler-installation.html,/sprinkler-installation.html,"No dedicated installation landing page exists. sprinkler-systems.html is the broad overview, blog post is editorial. Neither captures sprinkler-installation-specific commercial intent (highest AOV service: $2,800-$15,000+).",Build sprinkler-installation.html using the brief Patrick supplied 2026-04-28. Planning-first / future-proofing / contractor-coordination / installation-process / water-management / what-makes-a-good-sprinkler-company / CTA. Embed quote-teaser callout. Photo placeholders for install photos owner will provide. Backflow content removed entirely per owner direction.,"Highest-AOV service category. Captures ""sprinkler installation Newmarket / GTA"" commercial intent with a dedicated converting landing page.",Medium,3 hr,None,Developer + Marketer,2026-04-28,"COMPLETE. Built sprinkler-installation.html using owner brief 2026-04-28. Sections delivered: hero with planning-first eyebrow + 3-stat meta band, Property Types We Install For chip strip (8 chips: townhomes/single-family/condo terraces/corner lots/custom & estate/new construction/commercial plazas/pool-adjacent), Planning Before Installation (6-card grid: hard surfaces / water supply / controller placement / softener & filtration / existing landscape / future plans), Future-Proofing 5-bullet list (sleeves / capped stub-outs / lighting wire / walkways / pool perimeter), Contractor Coordination (6-card grid: landscapers / hardscape / builders / pool / electricians / plumbers — ""no backward steps"" principle), 7-step Installation Process, Tech-Grade Standard callout (pressure-regulated heads / low-pressure nozzles message ported from sprinkler-systems.html), Water Management & Performance (folds in pressure regulation, smart controller, leak alerts — replaces deleted Section 7 backflow content per accuracy rule), 8-row Standards Checklist (""how to tell a good install from a bad one""), CTA strip, Related services + areas. Embedded the sprk-quote-teaser callout mid-page with auto-cycling builder preview. 2 photo placeholders (16:9 with descriptive captions) ready for owner installation photos. Schema: Service @type with 4-tier OfferCatalog (,800-2,000+) for SEO + FAQPage with 6 install Q&As. Cross-linked: re-pointed footer New Installations link from estimate.html across 26 pages, added to sitemap.xml at priority 0.95, added to sitemap.html Services section (now 6 pages). On sprinkler-systems.html: added Planning-an-install deep-dive callout at end of installation section linking to the new dedicated page. Backflow content excluded entirely per owner direction. Pricing kept consultation-driven on visible page (tiers in JSON-LD only). Modified files: sprinkler-installation.html (new), sprinkler-systems.html, sitemap.xml, sitemap.html, plus 26 pages with re-pointed footer link."

68,2026-04-28,Reconciliation,Critical,Complete,Sitewide pricing reconciliation,(many),/various,5+ versions of pricing scattered across the live site (Spring/Fall openings $90 vs $85, Hydrawise retrofit $380-$520 vs new master tiers $595/$750/$1195, AI Intake "first hour free" vs new master sentence, drip $400-$700/$400-$900 vs new $575+ custom quote, install $2800-$4200 ranges vs new tier system $585+$549/zone with Tier 3 custom quote at 8+ zones). Resulted from owner delivering canonical master pricing (saved as memory/master_pricing.md) plus install_pricing_tiers_v2.xlsx tier system 2026-04-28. Owner explicitly required ASK-BEFORE-ASSUMING discipline on each conflicting fact.,"Coordinated single-pass reconciliation. 7 question groups (A1/A2 Spring tiers / B Hydrawise pricing+payback hedge+chip format+new-install framing / C AI Intake master wording + ''AI intake = no-surprise labour'' chip / D drip = new-zone-install custom quote / E install Option 3 quality-led hook with medium-disclaimer + v2 tier system / F lighting deferred / G repair-cost FAQ ranges -> master pricing math + nozzle-swap terminology fix to head replacement). All answers locked through Q&A before any propagation per ask_before_assuming.md rule.",Sitewide consistency. Removes pricing contradictions that would erode trust. Aligns SEO schema offers and customer-facing copy with the canonical master pricing source.,Hard,4 hr (incl. Q&A),master_pricing.md (canonical reference),Owner + Developer,2026-04-28,"COMPLETE. Reconciled 30+ files across 7 question-groups. Spring/Fall: $90 confirmed correct (master typo fixed); blog-spring-sprinkler-opening FAQ collapsed from 5-tier to master 3-tier ($90/$120/$285). Hydrawise: master tiers ($595/$750/$1195/custom 17+) replace $380-$520 across sprinkler-hydrawise (10+ edits incl. meta tags, schema, OfferCatalog, hero, two-paths card, payback hedge), 7 service-area page chips updated to ""From $595"", 5 blog posts updated, sitemap tile updated. New-install Hydrawise framing kept as standard/included in install cost. Payback claims hedged sitewide to ""pays for itself over multiple seasons, then keeps saving for the lifetime of the system."" AI Intake: ""AI intake = no-surprise labour"" chip across 5 files, full master sentence in body copy and FAQ schema (sprinkler-repair, blog-signs-needs-repair). Drip: $400-X numbers scrubbed from drip-irrigation (meta tags, schema, hero, use-case chips, two-paths card, FAQ), blog-tree-irrigation (FAQ + body), sitemap tile. Install: sprinkler-installation schema OfferCatalog rewritten with v2 tier system, FAQ updated with disclaimer; blog-sprinkler-installation FAQ + body bullet list updated; 7 service-area pages chips swapped to ""Calculator pricing by zone count*"" + city-specific FAQ schema rewritten with tier framing; faq.html/index.html FAQ answers updated; pricing.html updated ($85->$90 Spring/Fall fixes already applied). Calculator: estimate.html JS patched in BOTH copies — added TIER1_BASE/TIER2_BASE/PPZ=549/TIER3_MIN constants, sprinkler calc now branches on tier (Tier 3 short-circuits to ""Custom quote — site visit required"" display, Tier 1/2 use appropriate base + per-zone math), display path handles customQuote state. Group G repair-cost FAQs: sprinkler-repair OfferCatalog 4 offers rewritten with master pricing ($68 head, $135/$285 manifold tiers + $74.95/valve, $120 pipe break, pressure-regulated head = full head replacement); fall-winterization + spring-opening body lists (broken heads $35-$65 -> $68 each, manifold valves $60-$140 each -> full manifold rebuild $135-$285+$74.95/valve, split poly fittings $40-$90 -> pipe break repair $120, pressure regulators $80-$220 -> pressure-regulated head $68); blog-when-to-turn-on frost-manifold cost-box updated with master math; sprinkler-hydrawise nozzle-swap line updated to head replacement terminology per Q4 fix. Hard rules respected: master pricing is the single canonical reference (master_pricing.md), no fabricated numbers, lighting deferred per F, backflow refer-out preserved. Verification: zero $380, $520, $400-$700, $400-$900, $35-$65, $60-$140, $40-$90, $80-$220, ""first hour free"", or stale install ranges remain on the site. Modified files: 25+ (Spring-opening blog, sprinkler-hydrawise, 7 service-area pages, 5 blog posts, sprinkler-repair, sprinkler-fall-winterization, sprinkler-spring-opening, drip-irrigation, blog-tree-irrigation, blog-earth-day, sprinkler-installation, blog-sprinkler-installation, faq, index, estimate, pricing, sitemap, blog-when-to-turn-on, blog-watering-bylaws, blog-lawn-irrigation-myths, blog-signs-needs-repair, blog-lawn-underwatering, blog-sprinkler-maintenance-checklist, process). Memory: master_pricing.md updated with v2 tier data + Q4 head retrofit + E1 hook + medium disclaimer + lighting-deferred note + ask-before-assuming rule + no-brass-valves rule already in place."
